{
  "seL4.git": 25.029784202575684,
  "musllibc.git": 2.983717679977417,
  "seL4_libs.git": 1.867100715637207,
  "sel4_projects_libs": 1.6437809467315674,
  "sel4runtime.git": 1.296694040298462,
  "sel4test.git": 1.5905513763427734,
  "util_libs.git": 3.748915433883667,
  "nanopb": 4.2347705364227295,
  "opensbi": 2.0913352966308594,
  "seL4_tools.git": 2.9564194679260254
}